Rank,Name,Length,Elevation gain,Rocky,Stairs,Muddy,Roots,Avg_grade,Difficulty
1,Mount Yonah Trail,4.3,1489,1,0,0,0,0.06558315715292459,5.898734177215189
2,East Palisades Trail and Bamboo Forest,4.2,495,0,0,0,1,0.022321428571428572,3.4943820224719104
3,Cloudland Canyon West Rim Loop,4.7,705,1,1,0,0,0.028409090909090908,3.8695652173913047
4,Tallulah Gorge and North and South Rim Loop Trail,1.8,534,1,1,0,0,0.05618686868686869,4.327272727272726
5,Indian Seats Loop,3.5,508,1,0,0,0,0.02748917748917749,3.1114982578397212
6,Amicalola Falls via East Ridge Loop Trail,2.1,793,1,1,0,0,0.07151875901875902,4.6109422492401215
7,Blood Mountain via Byron Reece Trail,4.0,1446,1,0,0,0,0.06846590909090909,5.714285714285714
8,Preachers Rock from Woody Gap Recreational Area,1.9,439,1,0,0,1,0.04375996810207337,3.4999999999999996
9,Vickery Creek Trail,3.5,380,0,0,0,1,0.020562770562770564,3.0050251256281406
10,Raven Cliff Falls Trail,4.9,623,1,0,0,0,0.024080086580086577,3.4957983193277307
11,Cherokee Falls and Hemlock Falls Trail,1.2,452,1,1,0,1,0.07133838383838384,4.849785407725322
12,Blood Mountain and Freeman Loop Trail,5.7,1558,1,0,1,0,0.05176767676767677,5.388059701492537
13,Stone Mountain Cherokee Loop,5.1,400,1,0,0,0,0.014854426619132503,3.602409638554217
14,East Palisades North Loop and Bamboo Forest,5.7,751,0,0,0,0,0.024953482190324297,3.848484848484848
15,Kennesaw Mountain Overlook via Little Kennesaw and Brumby Camp,5.1,1007,1,0,0,0,0.03739601901366608,4.49090909090909
16,Stone Mountain Walk-Up Trail,2.2,675,1,0,0,0,0.0581095041322314,4.098591549295774
17,Dukes Creek Trail,2.3,334,0,1,0,0,0.02750329380764164,2.2519685039370074
18,Canyon Loop Trail,2.2,232,0,0,0,0,0.019972451790633606,2.659574468085106
19,Tallulah Gorge Overlooks Trail,2.5,708,1,1,0,0,0.053636363636363635,4.461538461538462
20,Sweetwater Creek Red and White Trail Loop,4.7,442,1,0,0,0,0.01781108961960026,4.0
21,Iron Hill Loop,3.8,164,0,0,0,0,0.00817384370015949,1.5416666666666667
22,Pigeon Hill to East and West Loop Trail,6.1,1181,1,0,0,0,0.036667908594138106,4.1730769230769225
23,Indian Seats Trail,1.5,282,1,0,1,0,0.035606060606060606,2.1666666666666665
24,Sitton's Gulch Trail,4.9,1020,0,1,0,0,0.039424860853432275,4.468085106382979
25,Amicalola Falls to Len Foote Hike Inn,4.8,1217,0,0,0,0,0.04801925505050505,4.37190082644628
26,High Shoals Falls Trail,2.5,551,0,0,0,0,0.04174242424242424,3.6643356643356646
27,Pine Mountain Summit via West Loop,2.2,626,1,0,0,0,0.053891184573002744,3.909090909090909
28,Kennesaw Mountain Peak Trail,2.2,662,0,0,0,0,0.056990358126721756,3.9230769230769234
29,Island Ford Trail,5.9,636,0,0,0,0,0.020416024653312787,2.8445945945945947
30,Laurel Ridge Trail,3.3,446,0,0,0,0,0.025596877869605142,3.013157894736842
31,Upper Falls Via Panther Creek Trail,6.9,711,1,0,0,0,0.01951581027667984,4.915584415584416
32,Homestead Trail,5.3,518,1,0,0,1,0.018510577472841624,3.515384615384615
33,Vickery Creek Trail Short Loop,2.3,298,1,0,0,0,0.024538866930171283,3.13
34,Vickery Creek From Oxbo Road,2.8,229,1,0,0,1,0.015489718614718616,3.2551724137931033
35,Sweetwater Creek White Trail Loop,4.9,472,1,0,0,0,0.018243661100803957,4.247058823529413
36,Brasstown Bald Trail,1.3,426,0,0,0,0,0.062062937062937064,3.703296703296703
37,Providence Canyon Backcountry Trail Loop,6.6,600,0,0,1,0,0.01721763085399449,4.156521739130435
38,West Rim Loop Trail,2.5,262,1,0,1,1,0.019848484848484848,3.018181818181818
39,Fort Yargo Lake Loop,6.0,360,0,0,1,0,0.011363636363636364,2.9555555555555557
40,Tennessee Rock Trail,2.2,561,0,0,0,1,0.04829545454545454,3.849056603773585
41,Cartecay River Loop Trail,3.6,479,1,0,0,0,0.025199915824915826,3.6298701298701297
42,Anna Ruby Falls Trail,0.9,219,0,0,0,0,0.046085858585858584,2.2527472527472527
43,Jones Bridge Trail,4.2,262,0,0,1,0,0.011814574314574314,2.546153846153846
44,Amicalola Falls,0.3,242,0,1,0,0,0.1527777777777778,5.9459459459459465
45,East Palisades North Loop,3.3,515,0,0,1,0,0.029556932966023877,3.6619718309859155
46,Providence Canyons Trail,1.8,272,0,0,1,0,0.02861952861952862,2.734375
47,Sweetwater Creek Red Trail,2.0,111,1,0,0,1,0.010511363636363636,2.662162162162162
48,Len Foote and Appalachian Approach Loop,9.9,2240,1,0,0,0,0.042852770125497396,5.324675324675325
49,Arabia Mountain Klondike and Forest Trails Loop,3.9,318,1,0,1,0,0.015442890442890442,2.5517241379310343
50,DeSoto Falls Trail,2.0,190,1,0,0,1,0.017992424242424244,1.6947368421052633
51,Bear Hair Gap Trail,4.3,951,1,0,0,0,0.041886892177589855,4.209302325581396
52,Gold Branch Trail,3.4,314,1,0,0,1,0.01749108734402852,3.592233009708738
53,Appalachian Approach Trail to Springer Mountain,16.0,4137,1,1,0,0,0.04897017045454546,6.780487804878049
54,Amicalola Falls Lookout via Creek Trail and West Ridge Falls Access,2.3,587,0,1,0,0,0.048336627140974975,4.904109589041095
55,Pine Mountain Trail to Cascade Falls,3.9,462,1,0,1,0,0.022435897435897436,3.72093023255814
56,Allatoona Falls Trail,3.1,236,1,0,1,0,0.014418377321603127,3.0084745762711864
57,Rabun Bald via Beegum Gap,3.1,1036,0,0,1,0,0.06329423264907136,4.063157894736842
58,Sope Creek Loop from Paper Mill Road,2.7,255,0,0,1,0,0.017887205387205386,2.8857142857142857
59,Hemlock Falls Trail,1.9,242,1,0,0,0,0.02412280701754386,1.8484848484848486
60,Homestead Trail Sweet Gum Trail Osprey Loop Trail and Lakeside Trail,6.1,593,1,0,0,1,0.018411574764033784,3.1486486486486487
61,Big Cedar Mountain and Granny Top via Appalachian Trail,4.8,1062,1,0,0,0,0.04190340909090909,3.8888888888888893
62,Sweetwater Red and White Loop Trail,2.4,203,1,1,0,0,0.016019570707070708,3.9010989010989006
63,West Trail Pigeon Hill to Kennesaw Mountain Visitor Center,5.9,1712,1,0,0,0,0.054956343091936304,4.8
64,Pine Log Creek Trail,4.5,728,0,0,0,1,0.03063973063973064,4.111111111111112
65,Amicalola Falls Loop,2.4,813,0,1,0,0,0.06415719696969698,4.3061224489795915
66,Long Branch Loop Trail,2.2,288,0,0,0,1,0.024793388429752063,1.841726618705036
67,Fall Branch Falls Trail,0.9,193,0,0,0,0,0.04061447811447812,3.0
68,Long Creek Falls via Appalachian and Benton MacKaye Trail,1.9,331,1,0,1,1,0.032994417862838916,1.5294117647058825
69,Cochran Shoals Trail from Interstate North Trailhead,6.0,370,1,0,0,0,0.01167929292929293,3.111111111111111
70,Pine Mountain East and West Loop Trail,4.6,1279,1,0,0,1,0.052659749670619246,4.315789473684211
71,Flat Creek Loop,5.6,1023,1,0,0,1,0.03459821428571429,3.773972602739726
72,West Palisades Trail,4.0,590,1,0,0,0,0.02793560606060606,3.9583333333333335
73,Stone Wall Stone Tower and West Overlook Trails Loop,1.5,423,1,1,0,1,0.053409090909090906,3.2125000000000004
74,Blood Mountain via Appalachian Trail,4.6,1361,1,0,0,0,0.056035902503293815,5.574999999999999
75,Chattahoochee River Loop from Interstate North Trailhead,3.3,32,0,0,0,0,0.0018365472910927456,1.7285714285714286
76,Lake Zwerner aka Yahoola Creek Reservoir,3.3,413,1,0,0,1,0.02370293847566575,3.333333333333333
77,Kennesaw Mountain and Visitor Center Short Loop,3.4,682,1,0,0,0,0.03799019607843137,3.7222222222222223
78,Hilltop Mountainside and Ridgeline Loop,4.9,708,1,0,0,0,0.02736549165120593,3.7818181818181817
79,Kennesaw Mountain East and West Loop,11.3,1735,1,0,0,0,0.029079511933494232,4.258620689655173
80,Gahuti Backcountry Trail,7.9,1581,1,0,0,0,0.037902761795166856,5.8196721311475414
81,Settles Bridge Park Extended Loop Trail,2.4,187,0,0,0,0,0.014756944444444444,2.757142857142857
82,Panther Falls and Angel Falls Trail,2.2,410,1,0,0,1,0.0352961432506887,3.7619047619047623
83,Brasstown Bald via Jack's Gap,5.9,2221,0,0,0,0,0.07129558294812531,5.999999999999999
84,Unicoi Lake Loop,2.0,131,0,0,0,1,0.01240530303030303,1.2758620689655176
85,Pine Mountain Summit via East Loop Trail,2.9,751,1,0,0,0,0.04904649947753396,4.1
86,High Falls Trail,1.1,150,1,0,0,1,0.025826446280991733,3.608695652173913
87,Sweetwater Creek Yellow Trail,3.3,449,0,0,0,0,0.02576905417814509,3.88
88,Sweetgum Loop Trail,2.3,213,0,0,1,0,0.017539525691699608,2.59375
89,West Ridge Falls Access Trail,0.5,85,0,0,0,0,0.032196969696969696,3.0999999999999996
90,Hardage Mill and Noses Creek Loop,3.5,492,0,0,1,0,0.026623376623376622,3.3249999999999997
91,Kolb's Farm Loop Trail,5.2,423,0,0,0,0,0.015406468531468532,2.6521739130434785
92,Bartram Trail to Pinnacle Knob,8.1,1755,1,0,0,0,0.041035353535353536,4.142857142857142
93,Klondike Trail to Arabia Mountain,3.3,265,1,0,0,0,0.0152089072543618,2.6415094339622645
94,Point Park and Craven's House Loop,2.7,593,1,1,0,1,0.04159652076318743,3.9423076923076925
95,Walk-in Campsites to Sitton's Gulch Trail,4.0,810,1,1,0,0,0.03835227272727273,4.283018867924529
96,Stanley Gap and Benton Mackaye Loop Trail,2.7,603,0,0,0,0,0.04229797979797979,3.9625
97,Springer Mountain,1.9,393,1,0,1,0,0.03917464114832536,3.129032258064516
98,Unicoi to Helen Trail,5.5,646,0,0,0,0,0.022245179063360883,2.8157894736842106
99,Tumbling Waters Trail,1.0,88,0,0,0,0,0.016666666666666666,2.933333333333333
100,Kennesaw Mountain Overlook via Pigeon Hill Trail,2.4,600,1,0,0,1,0.04734848484848485,4.125
